{"data1":{"color":{"a":1.0,"x":0.0,"y":1.0,"z":0.9893994331359863},"name":"MainWindow"},"data2":{"color":{"a":1.0,"x":0.44999998807907104,"y":0.550000011920929,"z":0.6000000238418579},"name":"Table"}}