{"data1":{"color":{"a":1.0,"x":0.6470257639884949,"y":0.6713780760765076,"z":0.47447213530540466},"name":"MainWindow"},"data2":{"color":{"a":1.0,"x":0.44999998807907104,"y":0.550000011920929,"z":0.6000000238418579},"name":"Table"},"data3":{"color":{"a":1.0,"x":0.053003549575805664,"y":0.053003549575805664,"z":0.053003549575805664},"name":"TbWinColSpa"},"data4":{"color":{"a":2.0,"x":0.5865724086761475,"y":0.5865724086761475,"z":0.5865724086761475},"name":"TbBgColSpa"}}